subset,NSE,KGE,RMSE,BIAS_%,sumP_mm,sumPET_mm,sumET_mm
Calibration,0.6483134025881048,0.7903926431423853,1.7157794339512162,2.437285631987281,97229.193,56536.01999999999,22026.607101990056
Validation,0.6707605445315914,0.7843803882889024,1.7646768107961568,-0.651999772284862,43832.58,24233.904000000002,10083.425835119018
Global,0.6558384397642611,0.7893290865228416,1.7305955006939087,1.46002247166058,141061.77300000002,80769.924,32110.03293710907
