subset,NSE,BIAS_pct,RMSE_m3s,R2
Calibration,0.719015736704266,17.479672874622924,1.5336439571651492,0.781786710618197
Validation,0.7509994864864742,14.435087113092541,1.5346500673111576,0.7904312095687577
Global,0.7296095771378561,16.516549979249042,1.5339458959613652,0.7842861223704297
