S0_max,alpha,beta,k_qs,k_inf,k_perc,phi,k_qf,k_bf,f_et0,f_et1,n_r,k_r
32.464297774091385,1.3966265216412685,1.0,0.15126985425238892,0.20666628107165042,0.09731964924156097,0.5564478231488654,0.18674782365623255,0.05815526233149206,0.11794784201228899,0.030753638926520832,1,7.955069398961998
