Periodo,NSE,KGE,Bias_pct,RMSE,R2
Calibracion,-0.08273366925360914,-0.05045353760631133,68.73394881680633,3.0105397785421744,0.14655844828165498
Validacion,-0.08255070096548,-0.04573189191334448,67.67666944283887,3.199877584846916,0.14601971541235112
Global,-0.08204345041973604,-0.048008655106596576,68.39948953346435,3.0685749798801774,0.14685913913459817
