,NSE,BIAS (%),RMSE
Calibration,-4.507316451490363,176.9357444938305,6.789746577656828
Validation,-3.963304079937541,169.02080406108095,6.8516423183045205
Global,-4.326701570813671,174.43193578440864,6.808376630696965
