subset,NSE,KGE,RMSE,BIAS_%,sumP_mm,sumPET_mm
Calibration,0.648313402588105,0.7903926431423858,1.715779433951216,2.4372856319872596,97229.19299999998,56536.02000000001
Validation,0.6707605445315914,0.7843803882889022,1.7646768107961568,-0.6519997722848504,43832.58,24233.904000000002
Global,0.6558384397642611,0.7893290865228415,1.7305955006939087,1.4600224716605505,141061.773,80769.92400000001
