,NSE,BIAS (%),RMSE
Calibration,-6.206363180410106,185.59407925908476,7.766791054074825
Validation,-5.494964476604856,178.16340629529412,7.837862339153276
Global,-5.970172558215955,183.24346350376922,7.7881831190706805
